model,state,rollout_rmse_mean,rollout_rmse_std,onestep_rmse_mean,onestep_rmse_std
ARX,1,0.2250681860918764,0.0,8.08622654042799e-05,0.0
ARX,2,0.3771356578588971,0.0,4.888651864037707e-05,0.0
ARX,3,0.6615472464885493,0.0,0.0004264692594970392,0.0
NARX-MLP,1,0.010622801454974467,0.004597359543561599,2.408834160071944e-05,2.2627866272326944e-06
NARX-MLP,2,0.008338578252739268,0.002874108311683015,2.1688874448163076e-05,1.6653003432624596e-06
NARX-MLP,3,0.014934549981344546,0.004306787655313647,0.00015222857171204326,2.1375512655539637e-05
LSTM,1,0.02705345617271088,0.004603738274182424,6.977616820139707e-05,1.9699044469464168e-05
LSTM,2,0.03777100764289686,0.004568055459127374,0.00010001966752717742,1.4207625312547728e-05
LSTM,3,0.04587680819066384,0.014774012240301814,0.0005874543940407942,0.00013333242720563047
PINC,1,0.009570434715844385,0.003559594156592993,1.8526339827953655e-05,9.851942791349897e-07
PINC,2,0.022531920404927543,0.00669951603938623,3.35911397654458e-05,3.5999869335840103e-06
PINC,3,0.030356096672158665,0.007711975980271192,0.0002528392350748731,4.493834654135104e-05
