model,metric,output,mean,std
MLR,rmse,T_out_ele,1.7307268171204295,0.0
MLR,rmse,T_in_ele,2.1912141003039562,0.0
MLR,rmse,T_out_c,2.375429161969521,0.0
MLR,rmse,Vcell,0.03795381993639115,0.0
MLR,mae,T_out_ele,1.2572842768897052,0.0
MLR,mae,T_in_ele,1.5830648582174787,0.0
MLR,mae,T_out_c,1.7216215932473626,0.0
MLR,mae,Vcell,0.030562476035491174,0.0
MLR,r2,T_out_ele,0.9417297260348619,0.0
MLR,r2,T_in_ele,0.8406336773264887,0.0
MLR,r2,T_out_c,0.7788961905571641,0.0
MLR,r2,Vcell,0.8316363491190333,0.0
MLR,nrmse,T_out_ele,0.0539426298406155,0.0
MLR,nrmse,T_in_ele,0.07939963816464758,0.0
MLR,nrmse,T_out_c,0.08937501334897946,0.0
MLR,nrmse,Vcell,0.09250515853239999,0.0
MLR,maxerr,T_out_ele,8.014598392498044,0.0
MLR,maxerr,T_in_ele,10.802295540108958,0.0
MLR,maxerr,T_out_c,11.701255983425142,0.0
MLR,maxerr,Vcell,0.14662799518697422,0.0
Poly-ridge,rmse,T_out_ele,0.7670200101655227,0.0
Poly-ridge,rmse,T_in_ele,0.9644473499094952,0.0
Poly-ridge,rmse,T_out_c,1.0400046617617644,0.0
Poly-ridge,rmse,Vcell,0.014324992343098737,0.0
Poly-ridge,mae,T_out_ele,0.5464578295345469,0.0
Poly-ridge,mae,T_in_ele,0.7113092322279556,0.0
Poly-ridge,mae,T_out_c,0.7667416594868945,0.0
Poly-ridge,mae,Vcell,0.011256049978710892,0.0
Poly-ridge,r2,T_out_ele,0.9885553266395863,0.0
Poly-ridge,r2,T_in_ele,0.9691266346798135,0.0
Poly-ridge,r2,T_out_c,0.9576178846041137,0.0
Poly-ridge,r2,Vcell,0.9760157498041883,0.0
Poly-ridge,nrmse,T_out_ele,0.023906185585974495,0.0
Poly-ridge,nrmse,T_in_ele,0.03494718777185888,0.0
Poly-ridge,nrmse,T_out_c,0.03912995260649714,0.0
Poly-ridge,nrmse,Vcell,0.034914422050129096,0.0
Poly-ridge,maxerr,T_out_ele,3.9089419198230075,0.0
Poly-ridge,maxerr,T_in_ele,4.952365225856511,0.0
Poly-ridge,maxerr,T_out_c,5.406284898227852,0.0
Poly-ridge,maxerr,Vcell,0.05280380159191722,0.0
MLP,rmse,T_out_ele,0.042057060313526635,0.0042713124987786
MLP,rmse,T_in_ele,0.03576626196134328,0.004348439326732638
MLP,rmse,T_out_c,0.042688639461829575,0.0046361267129197544
MLP,rmse,Vcell,0.000444339871894069,8.089743112316947e-05
MLP,mae,T_out_ele,0.030030068328985443,0.0034194155224999837
MLP,mae,T_in_ele,0.024786987607391148,0.0028221242839511556
MLP,mae,T_out_c,0.029878111133785662,0.002868079220675485
MLP,mae,Vcell,0.0003172137562049941,6.763406671774973e-05
MLP,r2,T_out_ele,0.9999652364281307,6.802498583530734e-06
MLP,r2,T_in_ele,0.999956912967046,9.950754411111114e-06
MLP,r2,T_out_c,0.9999277514602158,1.4950907187068536e-05
MLP,r2,Vcell,0.999976158703567,8.432610020957894e-06
MLP,nrmse,T_out_ele,0.0013108183303310696,0.00013312663025500233
MLP,nrmse,T_in_ele,0.001296006747053483,0.00015756767404682246
MLP,nrmse,T_out_c,0.001606150914888761,0.00017443327441143874
MLP,nrmse,Vcell,0.0010829932365362725,0.00019717197645598212
MLP,maxerr,T_out_ele,0.2286062362057919,0.03419941717599277
MLP,maxerr,T_in_ele,0.19793053095899418,0.033314925424288495
MLP,maxerr,T_out_c,0.2451473439720265,0.025362181685317713
MLP,maxerr,Vcell,0.00239033989664561,0.0004173352764821895
TSK / ANFIS-type,rmse,T_out_ele,0.30650610340134793,0.0
TSK / ANFIS-type,rmse,T_in_ele,0.3866306689891335,0.0
TSK / ANFIS-type,rmse,T_out_c,0.4170222955211748,0.0
TSK / ANFIS-type,rmse,Vcell,0.007674030209756268,0.0
TSK / ANFIS-type,mae,T_out_ele,0.22366049387690567,0.0
TSK / ANFIS-type,mae,T_in_ele,0.27250986804033117,0.0
TSK / ANFIS-type,mae,T_out_c,0.2912064679895451,0.0
TSK / ANFIS-type,mae,Vcell,0.0061284066878628885,0.0
TSK / ANFIS-type,r2,T_out_ele,0.998172454207009,0.0
TSK / ANFIS-type,r2,T_in_ele,0.9950384254002747,0.0
TSK / ANFIS-type,r2,T_out_c,0.9931855531789013,0.0
TSK / ANFIS-type,r2,Vcell,0.9931168955813193,0.0
TSK / ANFIS-type,nrmse,T_out_ele,0.00955306471022218,0.0
TSK / ANFIS-type,nrmse,T_in_ele,0.014009737896828285,0.0
TSK / ANFIS-type,nrmse,T_out_c,0.01569037453346937,0.0
TSK / ANFIS-type,nrmse,Vcell,0.01870397715765287,0.0
TSK / ANFIS-type,maxerr,T_out_ele,1.503620361343394,0.0
TSK / ANFIS-type,maxerr,T_in_ele,1.8495754867016672,0.0
TSK / ANFIS-type,maxerr,T_out_c,2.029968732129589,0.0
TSK / ANFIS-type,maxerr,Vcell,0.030321946845905945,0.0
